{"cameraMode":{"drawMode":0,"name":"Shaded","section":"Shading Mode"},"sceneLighting":true,"audioPlay":false,"sceneViewState":{"m_AlwaysRefresh":false,"showFog":true,"showSkybox":true,"showFlares":true,"showImageEffects":true,"showParticleSystems":true,"showVisualEffectGraphs":true,"m_FxEnabled":true},"in2DMode":false,"pivot":{"x":-9.562943458557129,"y":2.6650383472442629,"z":-96.35700988769531},"rotation":{"x":-0.049153249710798267,"y":0.022775255143642427,"z":0.0011826474219560624,"w":0.9984617829322815},"size":0.4624856114387512,"orthographic":false}